Symbol,Underlying Asset,SecurityName,DateofListing,MarketLot,ISINNumber,FaceValue,ETF Underlying,Underlying Key
NIFTYBEES,Nifty 50,NIPINDETFNIFTYBEES,08-Jan-02,1,INF204KB14I2,1,EQUITY,Nifty 50
JUNIORBEES,Nippon India ETF Nifty Next 50 Junior BeES,NIP IND ETF JUNIOR BEES,06-Mar-03,1,INF732E01045,1.25,EQUITY,Nifty Next 50
LIQUIDBEES,Government Securities,NIPINDETFLIQUIDBEES,16-Jul-03,1,INF732E01037,1000,DEBT,Overnight ETFs and Liquid ETF
BANKBEES,Nifty Bank,NIPINDETFBANKBEES,04-Jun-04,1,INF204KB15I9,1,EQUITY,Nifty Bank
GOLDBEES,Gold,NIPINDETFGOLDBEES,19-Mar-07,1,INF204KB17I5,1,COMMODITY,GOLD
GOLDBETA,Gold,UTIAMC -UTIGOLDBETA,17-Apr-07,1,INF789F1AUX7,1,COMMODITY,GOLD
GOLD1,Gold,KotakMutualFund-Gold,08-Aug-07,1,INF174KA1HJ8,10,COMMODITY,GOLD
PSUBNKBEES,Nifty PSU Bank,NIPINDETFPSUBANKBEES,01-Nov-07,1,INF204KB16I7,1,EQUITY,Nifty PSU Bank
PSUBANK,Nifty PSU Bank,KotakMahindraMutualFun,16-Nov-07,1,INF174KA1A86,1,EQUITY,Nifty PSU Bank
QGOLDHALF,Gold,Quantum Gold ETF,28-Feb-08,1,INF082J01408,100,COMMODITY,GOLD
QNIFTY,Nifty 50,QuantumNiftyETF,18-Jul-08,1,INF082J01499,10,EQUITY,Nifty 50
SHARIABEES,Shariah,NIPINDETFSHARIAHBEES,01-Apr-09,1,INF732E01128,10,EQUITY,Nifty 50 Shariah
SETFGOLD,Gold,SBI-ETFGold,28-May-09,1,INF200KA16D8,100,COMMODITY,GOLD
NIFTY1,Nifty 50,KotakNiftyETF,11-Feb-10,1,INF174K014P6,1,EQUITY,Nifty 50
HNGSNGBEES,Hang Seng Index,NIPINDETFHANGSENGBEES,18-Mar-10,1,INF204KB19I1,1,GLOBAL INDICES,GLOBAL INDICES
IVZINGOLD,Gold,InvescoIndiaGoldETF,22-Mar-10,1,INF205KA1BP1,1,COMMODITY,GOLD
MOM50,Nifty 50,MotilalOswalM50ETF,30-Jul-10,1,INF247L01536,7,EQUITY,Nifty 50
HDFCGOLD,Gold,HDFCGoldETF,19-Aug-10,1,INF179KC1981,1,COMMODITY,GOLD
GOLDIETF,Gold,ICICIPrudGoldETF,02-Sep-10,1,INF109KC1NT3,1,COMMODITY,GOLD
INFRABEES,Nifty Infra,NIPINDETFINFRABEES,05-Oct-10,1,INF732E01268,10,EQUITY,Nifty Infrastructure
GOLDAXIS,Gold,AXISAMC-GOLDAXIS,16-Nov-10,1,INF846K01W80,1,COMMODITY,GOLD
MOM100,Nifty Midcap 100,MotilalOsMidcap100ETF,04-Feb-11,1,INF247L01023,10,EQUITY,Nifty Midcap 100
MON100,Nasdaq100,MotilalOsNASDAQ100ETF,31-Mar-11,1,INF247L01AP3,1,GLOBAL INDICES,GLOBAL INDICES
BSLGOLDETF,Gold,ABSLGoldETF-GO,20-May-11,1,INF209KB18D3,10,COMMODITY,GOLD
IVZINNIFTY,Nifty 50,InvescoMF-NiftyETF,17-Jun-11,1,INF205KA1CC7,1,EQUITY,Nifty 50
BSLNIFTY,Nifty 50,ABSLNiftyETF-GO,27-Jul-11,1,INF209KB19D1,10,EQUITY,Nifty 50
LICMFGOLD,Gold,LICMF LICGoldETF,17-Nov-11,1,INF767K01SM1,1,COMMODITY,GOLD
NIFTYIETF,Nifty 50,ICICIPruNiftyETF,26-Mar-13,1,INF109K012R6,10,EQUITY,Nifty 50
NIF100BEES,Nifty 100 TRI,NIPINDETFNIFTY100,28-Mar-13,1,INF204K014N5,10,EQUITY,Nifty 100
NIF100IETF,Nifty 100,ICICIPruNifty100ETF,26-Aug-13,1,INF109KC16V9,10,EQUITY,Nifty 100
CPSEETF,CPSE ETF,CPSEETF,04-Apr-14,1,INF457M01133,10,EQUITY,Nifty CPSE
CONSUMBEES,Nifty India Consumption TRI,NIPINDETFCONSUMPTION,11-Apr-14,1,INF204KA1LD7,10,EQUITY,Nifty India Consumption 
DIVOPPBEES,Nifty Dividend Opportunities 50 TRI,NIPINDETFDIVOPP,23-Apr-14,1,INF204KA1MS3,10,EQUITY,Nifty Dividend Opportunities 50
SENSEXIETF,SENSEX,ICICIPruSensexETF,23-Jul-14,1,INF346A01034,10,EQUITY,BSE Sensex
BANKNIFTY1,Nifty Bank,KOTAKMAMC-KOTAKBKETF,11-Dec-14,1,INF174KA1ZB7,10,EQUITY,Nifty Bank
LICNETFGSC,Nifty 8-13 Yr Gsec,LICNAMC-LICNMFET,01-Jan-15,1,INF767K01MV5,10,DEBT,GSECS/GILT
SETFNIFBK,Nifty Bank,SBI-ETFNiftyBank,25-Mar-15,1,INF200KA1580,10,EQUITY,Nifty Bank
SETFNN50,Nifty Next 50,SBI-ETFNiftyNext50,25-Mar-15,1,INF200KA1598,10,EQUITY,Nifty Next 50
NV20BEES,Nifty50 Value20 TRI,NIPINDETFETFNV20,23-Jun-15,1,INF204KB18I3,1,EQUITY,Nifty 50 Value 20
SETFNIF50,Nifty 50,SBI-ETFNifty50,27-Jul-15,1,INF200KA1FS1,10,EQUITY,Nifty 50
NIFTYBETA,Nifty 50,UTIAMC-NIFTYBETA,03-Sep-15,1,INF789F1AZC0,10,EQUITY,Nifty 50
SENSEXBETA,SENSEX,UTIAMC-SENSEXBETA,03-Sep-15,1,INF789FB1X58,10,EQUITY,BSE Sensex
LICNETFN50,Nifty 50,LICNAMC-LICNFENGP,30-Nov-15,1,INF767K01OS7,10,EQUITY,Nifty 50
LICNETFSEN,SENSEX,LICNAMC-LICNFESGP,07-Dec-15,1,INF767K01OT5,10,EQUITY,BSE Sensex
NV20,Nifty50 Value 20,KOTAKMAMC-KTKNV20ETF,09-Dec-15,1,INF174KA1ZE1,10,EQUITY,Nifty 50 Value 20
HDFCNIFTY,Nifty 50,HDFCAMC-HDFCNIFTY,16-Dec-15,1,INF179KC1965,76,EQUITY,Nifty 50
HDFCSENSEX,SENSEX,HDFCAMC-HDFCSENSEX,16-Dec-15,1,INF179KC1HX2,250,EQUITY,BSE Sensex
LICNFNHGP,Nifty 100,LICNAMC-LICNFNHGP,28-Mar-16,1,INF767K01PC8,10,EQUITY,Nifty 100
SETF10GILT,Nifty 10 yr Benchmark G-Sec Index,SBIAMC-SETF10GILT,17-Jun-16,1,INF200KA1JT1,10,DEBT,GSECS/GILT
NV20IETF,Nifty50 Value 20,ICICIPruNV20ETF,22-Jun-16,1,INF109KC11V0,10,EQUITY,Nifty 50 Value 20
MIDSELIETF,S&P BSE Midcap Select Index,ICICIPruMidcapSelETF,11-Jul-16,1,INF109KC10W0,10,EQUITY,BSE Midcap Select
LTGILTBEES,NIFTY 8-13 yr G-Sec Index,NIPINDETFLONGTERMGILT,11-Jul-16,1,INF204KB1882,10,DEBT,GSECS/GILT
IDFNIFTYET,Nifty 50,BANDHANAMC-IDFNIFTYET,18-Oct-16,1,INF194KA1U07,10,EQUITY,Nifty 50
NIFTYAXIS,Nifty 50,AXISAMC-NIFTYAXIS,10-Jul-17,1,INF846K01W98,10,EQUITY,Nifty 50
LOWVOLIETF,Nifty 100 Low Volatility 30 Index,ICICIPruNiftyLowvol30,10-Jul-17,1,INF109KC19U5,10,EQUITY,Nifty 100 Low Volatility 30
NEXT50BETA,Nifty Next 50,UTIAMC -NEXT50BETA,08-Aug-17,1,INF789F1AUW9,1,EQUITY,Nifty Next 50
ICICIB22,S&P BSE BHARAT 22 index,ICICIPRAMC-BHARATIWIN,28-Nov-17,1,INF109KB15Y7,10,EQUITY,BSE BHARAT 22
LIQUIDETF,Nifty1D rate index,DSPAMC-LIQUIDETF,20-Mar-18,1,INF740KA1EU7,1000,DEBT,Overnight ETFs and Liquid ETF
BSE500IETF,S&P BSE 500 index,ICICIPRAMC-ICICI500,16-May-18,1,INF109KC1V59,10,EQUITY,BSE 500
NEXT50IETF,Nifty Next 50,ICICIPRAMC-ICICINXT50,30-Aug-18,1,INF109KC1NS5,1,EQUITY,Nifty Next 50
LIQUIDIETF,S&P BSE Liquid Rate Index,ICICIPRAMC-ICICILIQ,26-Sep-18,1,INF109KC1KT9,1000,DEBT,Overnight ETFs and Liquid ETF
NIFTYETF,Nifty 50,MIRAEAMC-MAN50ETF,26-Nov-18,1,INF769K01EG9,100,EQUITY,Nifty 50
SBIETFQLTY,Nifty 200 Quality 30 Index,SBIAMC-SBIETFQLTY,17-Dec-18,1,INF200KA1WX6,10,EQUITY,Nifty 200 Quality 30
ABSLNN50ET,Nifty Next 50,BIRLASLAMC-ABSLNN50ET,21-Dec-18,1,INF209KB16D7,10,EQUITY,Nifty Next 50
NETF,Tata Nifty 50 Exchange Traded Fund,TATAAML-NETF,04-Jan-19,1,INF277K015R5,10,EQUITY,Nifty 50
MID150BEES,Nifty Midcap 150 TRI,NIPINDETFMIDCAP150,04-Feb-19,1,INF204KB1V68,10,EQUITY,Nifty Midcap 150
SNXT50BETA,BSE Sensex Next 50,UTIAMC-SNXT50BETA,13-Mar-19,1,INF789F1AUU3,1,EQUITY,BSE SENSEX Next 50
BANKIETF,Nifty Bank,ICICIPRAMC-IPRU5008,15-Jul-19,1,INF109KC15I8,10,EQUITY,Nifty Bank
PVTBANIETF,Nifty Private Bank Index,ICICIPRAMC-ICICIBANKP,14-Aug-19,1,INF109KC18U7,10,EQUITY,Nifty Private Bank
NPBET,Nifty Private Bank Index,TATAAML-NPBET,09-Sep-19,1,INF277K010X4,10,EQUITY,Nifty Private Bank
ABSLBANETF,Nifty Bank,BIRLASLAMC-ABSLBANETF,30-Oct-19,1,INF209KB17D5,10,EQUITY,Nifty Bank
EBBETF0430,Nifty BHARAT Bond,EDELAMC-EBBETF0430,02-Jan-20,1,INF754K01KO2,1000,DEBT,Bond
MIDCAPIETF,Nifty Midcap 150,ICICIPRAMC-ICICIM150,28-Jan-20,1,INF109KC11W8,10,EQUITY,Nifty Midcap 150
NEXT50,Nifty Next 50,MIRAEAMC-MANXT50,30-Jan-20,1,INF769K01FN2,275,EQUITY,Nifty Next 50
ITBEES,Nifty IT TRI,NIPINDETFIT,01-Jul-20,1,INF204KB15V2,10,EQUITY,Nifty IT
EBBETF0431,Nifty BHARAT Bond,EDELAMC-EBBETF0431,29-Jul-20,1,INF754K01LE1,1000,DEBT,Bond
ALPL30IETF,Nifty Alpha Low-Volatility 30 Index,ICICIPRAMC-ICICIALPLV,18-Aug-20,1,INF109KC17V7,10,EQUITY,Nifty Alpha Low-Volatility 30
ITIETF,Nifty IT Index,ICICIPRAMC-ICICITECH,20-Aug-20,1,INF109KC16I6,10,EQUITY,Nifty IT
HDFCNIFBAN,Nifty Bank,HDFCAMC-HDFCNIFBAN,28-Aug-20,1,INF179KC1HY0,223.31,EQUITY,Nifty Bank
BANKBETA,Nifty Bank,UTIAMC-BANKBETA,03-Sep-20,1,INF789F1AUV1,1,EQUITY,Nifty Bank
SBIETFIT,Nifty IT Index,SBIAMC-SBIETFIT,22-Oct-20,1,INF200KA1S14,10,EQUITY,Nifty IT
SBIETFPB,Nifty Private Bank Index,SBIAMC-SBIETFPB,22-Oct-20,1,INF200KA1S22,10,EQUITY,Nifty Private Bank
BNKETFAXIS,Nifty Bank,AXISAMC-BNKETFAXIS,09-Nov-20,1,INF846K01X63,100,EQUITY,Nifty Bank
ESG,NIFTY100 ESG SECTOR LEADERS,MIRAEAMC-MAESGETF,24-Nov-20,1,INF769K01GS9,17.5,EQUITY,Nifty 100 ESG Sector Leaders
MOGSEC,Nifty 5 yr Benchmark G-Sec Index,MOTILALAMC-G5,16-Dec-20,1,INF247L01AK4,10,DEBT,GSECS/GILT
IT,NIFTY IT Index,KOTAKMAMC-KOTAKIT,05-Mar-21,1,INF174KA1GC5,10,EQUITY,NIFTY IT
ITAXIS,NIFTY IT Index,AXISAMC-ITAXIS,31-Mar-21,1,INF846K01Y96,100,EQUITY,Nifty IT
GILT5YBEES,Nifty 5 yr Benchmark G-Sec Index,RELCAPAMC-NETFGILT5Y,08-Apr-21,1,INF204KC1030,10,DEBT,GSECS/GILT
MAFANG,NYSE FANG+ Total Return Index,MIRAEAMC-MAFANG,14-May-21,1,INF769K01HF4,40,GLOBAL INDICES,GLOBAL INDICES
HEALTHAXIS,Nifty Healthcare Index,AXISAMC-HEALTHAXIS,21-May-21,1,INF846K01Z12,10,EQUITY,Nifty Healthcare
HEALTHIETF,Nifty Healthcare Index,ICICIPRAMC-ICICIPHARM,25-May-21,1,INF109KC1Q72,10,EQUITY,Nifty Healthcare
PHARMABEES,Nifty Pharma TRI,NIPPONAMC-NETFPHARMA,07-Jul-21,1,INF204KC1089,10,EQUITY,Nifty Pharma
SBIETFCON,Nifty India Consumption Index,SBIAMC-SBIETFCON,29-Jul-21,1,INF200KA1X17,10,EQUITY,Nifty India Consumption 
BFSI,Nifty Financial Services Index,MIRAEAMC-MAFSETF,05-Aug-21,1,INF769K01HI8,10,EQUITY,Nifty Financial Services
FMCGIETF,Nifty FMCG Index,ICICIPRAMC-ICICIFMCG,10-Aug-21,1,INF109KC19V3,10,EQUITY,Nifty FMCG
CONSUMAXIS,NIFTY India Consumption Index,AXISAMC-CONSUMAXIS,23-Sep-21,1,INF846K016C7,10,EQUITY,Nifty India Consumption 
MASPTOP50,S&P 500 Top 50 Total Return Index,MIRAEAMC-MASPTOP50,24-Sep-21,1,INF769K01HP3,20,GLOBAL INDICES,GLOBAL INDICES
BSLSENETFG,BSE SENSEX Index,BIRLASLAMC-BSLSENETFG,06-Oct-21,1,INF209KB10E8,10,EQUITY,BSE SENSEX
HEALTHY,Nifty Healthcare TRI,BIRLASLAMC-HEALTHY,28-Oct-21,1,INF209KB10C2,1,EQUITY,Nifty Healthcare
CONSUMIETF,Nifty India Consumption Index,ICICIPRAMC-ICICICONSU,02-Nov-21,1,INF109KC1V42,10,EQUITY,Nifty India Consumption 
TECH,Nifty IT TRI Index,BIRLASLAMC-TECH,03-Nov-21,1,INF209KB11D8,1,EQUITY,Nifty IT
EQUAL50ADD,NIFTY 50 Equal Weight Index,DSPAMC-DSPNEWETF,12-Nov-21,1,INF740KA1QK2,10,EQUITY,NIFTY 50 Equal Weight
MAHKTECH,Hang Seng TECH Total Return Index,MIRAEAMC-MAHKTECH,10-Dec-21,1,INF769K01HS7,10,GLOBAL INDICES,GLOBAL INDICES
BBETF0432,Nifty BHARAT Bond Index - April 2032,EDELAMC-BBETF0432,17-Dec-21,1,INF754K01OB1,1000,DEBT,Bond
ALPHA,NIFTY Alpha 50 Index,KOTAKMAMC-KOTAKALPHA,29-Dec-21,1,INF174KA1IA5,10,EQUITY,NIFTY Alpha 50
MONQ50,Nasdaq Q-50 Total Return Index,MOTILALAMC-MONQ50,29-Dec-21,1,INF247L01AU3,10,GLOBAL INDICES,GLOBAL INDICES
NIFTYADD,Nifty 50 Index,DSPAMC - DSPNIFTY,30-Dec-21,1,INF740KA1CL0,10,EQUITY,Nifty 50
MIDQ50ADD,Nifty Midcap 150 Quality 50 Index,DSPAMC-DSPQ50ETF,30-Dec-21,1,INF740KA1ZF3,1,EQUITY,Nifty Midcap 150 Quality 50
AUTOIETF,Nifty Auto Index,ICICIPRAMC-ICICIAUTO,18-Jan-22,1,INF109KC10V2,10,EQUITY,Nifty Auto
AUTOBEES,Nifty Auto TRI,NIPPONAMC-NETFAUTO,25-Jan-22,1,INF204KC1337,10,EQUITY,Nifty Auto
SILVERIETF,Domestic Price of Silver,ICICIPRAMC-ICICISILVE,31-Jan-22,1,INF109KC1Y56,10,COMMODITY,SILVER
MAKEINDIA,Nifty India Manufacturing Total Return Index,MIRAEAMC-MAMFGETF,02-Feb-22,1,INF769K01IB1,50,EQUITY,Nifty India Manufacturing
SILVER,Physical price of Silver,BIRLASLAMC-SILVER,03-Feb-22,1,INF209KB19F6,1,COMMODITY,SILVER
MIDCAP,Nifty Midcap 50 Index,KOTAKMAMC-KOTAKMID50,04-Feb-22,1,INF174KA1ZC5,10,EQUITY,NIFTY Midcap 50
SILVERBEES,Domestic price of Silver- based on LBMA Silver daily spot fixing price,NIPPONAMC-SILVERBEES,07-Feb-22,1,INF204KC1402,10,COMMODITY,SILVER
MOMOMENTUM,Nifty 200 Momentum 30 Total Return Index,MOTILALAMC-MOMOMENTUM,17-Feb-22,1,INF247L01BK2,10,EQUITY,Nifty 200 Momentum 30
GSEC5IETF,Nifty 5 yr Benchmark G-Sec Index,ICICIPRAMC-ICICI5GSEC,10-Mar-22,1,INF109KC14A8,10,DEBT,GSECS/GILT
MIDCAPETF,Mirae Asset Mutual Fund - Mirae Asset Nifty Midcap 150 ETF,MIRAEAMC-MAM150ETF,15-Mar-22,1,INF769K01IC9,5,EQUITY,Nifty Midcap 150
LOWVOL1,Kotak Nifty 100 Low Vol 30 ETF,KOTAKMAMC-KOTAKLOVOL,29-Mar-22,1,INF174KA1IY5,10,EQUITY,NIFTY 100 Low Volatility 30
MOLOWVOL,Nifty Midcap 100 TRI,MOTILALAMC-MOLOWVOL,30-Mar-22,1,INF247L01BL0,10,EQUITY,Nifty Midcap 100
TNIDETF,Nifty India Digital Index,TATAAML-TNIDETF,08-Apr-22,1,INF277KA1364,10,EQUITY,Nifty Private Bank
MOHEALTH,Motilal Oswal S&P BSE Healthcare ETF,MOTILALAMC-MOHEALTH,04-Aug-22,1,INF247L01BB1,10,EQUITY,BSE Healthcare
CONS,Kotak Nifty India Consumption ETF,KOTAKMAMC-KOTAKCONS,04-Aug-22,1,INF174KA1ZF8,10,EQUITY,Nifty India Consumption 
MOM30IETF,ICICI Prudential Nifty 200 Momentum 30 ETF,ICICIPRAMC-ICICIMOM30,10-Aug-22,1,INF109KC17C7,10,EQUITY,Nifty 200 Momentum 30
HDFCNEXT50,HDFC NIFTY NEXT 50 ETF,HDFCAMC-HDFCNEXT50,11-Aug-22,1,INF179KC1HS2,418.18,EQUITY,Nifty Next 50
HDFCNIF100,HDFC NIFTY 100 ETF,HDFCAMC-HDFCNIF100,11-Aug-22,1,INF179KC1HR4,177.27,EQUITY,Nifty 100
MNC,Kotak Nifty MNC ETF,KOTAKMAMC-KOTAKMNC,16-Aug-22,1,INF174KA1JF2,10,EQUITY,Nifty MNC
MOMENTUM,Aditya Birla Sun Life Nifty 200 Momentum 30 ETF,BIRLASLAMC-MOMENTUM,19-Aug-22,1,INF209KB14K7,1,EQUITY,Nifty 200 Momentum 30
NIFTYQLITY,Aditya Birla Sun Life Nifty 200 Quality 30 ETF,BIRLASLAMC-NIFTYQLITY,19-Aug-22,1,INF209KB15K4,1,EQUITY,Nifty 200 Quality 30
INFRAIETF,ICICI Prudential Nifty Infrastructure ETF,ICICIPRAMC-ICICIINFRA,23-Aug-22,1,INF109KC16E5,10,EQUITY,Nifty Infrastructure
SILVERADD,DSP Silver ETF,DSPAMC-DSPSILVETF,25-Aug-22,1,INF740KA1ZQ0,1,COMMODITY,SILVER
MOQUALITY,Motilal Oswal S&P BSE Quality ETF,MOTILALAMC-MOQUALITY,26-Aug-22,1,INF247L01BH8,10,EQUITY,BSE Quality
MOVALUE,Motilal Oswal S&P BSE Enhanced Value ETF,MOTILALAMC-MOVALUE,26-Aug-22,1,INF247L01BE5,10,EQUITY,BSE Enhanced Value
HDFCSILVER,HDFC Silver ETF,HDFCAMC-HDFCSILVER,07-Sep-22,1,INF179KC1DI2,52.52,COMMODITY,SILVER
SILVERAXIS,Axis Silver ETF,AXISAMC-SILVERAXIS,27-Sep-22,1,INF846K011K1,10,COMMODITY,SILVER
HDFCVALUE,HDFC NIFTY50 Value 20 ETF,HDFCAMC-HDFCVALUE,29-Sep-22,1,INF179KC1DK8,86.07,EQUITY,Nifty 50 Value 20
HDFCGROWTH,HDFC NIFTY Growth Sectors 15 ETF,HDFCAMC-HDFCGROWTH,29-Sep-22,1,INF179KC1DJ0,89.04,EQUITY,Nifty Growth Sectors 15
HDFCQUAL,HDFC NIFTY100 Quality 30 ETF,HDFCAMC-HDFCQUAL,29-Sep-22,1,INF179KC1DL6,38.59,EQUITY,Nifty 100 Quality 30
HDFCLOWVOL,HDFC NIFTY100 Low Volatility 30 ETF,HDFCAMC-HDFCLOWVOL,17-Oct-22,1,INF179KC1HU8,126.18,EQUITY,Nifty 100 Low Volatility 30
HDFCMOMENT,HDFC NIFTY200 Momentum 30 ETF,HDFCAMC-HDFCMOMENT,17-Oct-22,1,INF179KC1HV6,190.61,EQUITY,Nifty 200 Momentum 30
HDFCNIFIT,HDFC NIFTY IT ETF,HDFCAMC-HDFCNIFIT,22-Nov-22,1,INF179KC1IA8,299.92,EQUITY,Nifty IT
HDFCPVTBAN,HDFC NIFTY Private Bank ETF,HDFCAMC-HDFCPVTBAN,22-Nov-22,1,INF179KC1HZ7,216.75,EQUITY,Nifty Private Bank
FINIETF,ICICI Prudential Nifty Financial Services Ex-Bank ETF,ICICIPRAMC-ICICIFIN,30-Nov-22,1,INF109KC17L8,10,EQUITY,Nifty Financial Services Ex-Bank
SILVER1,Kotak Silver ETF,KOTAKMAMC-KOTAKSILVE,14-Dec-22,1,INF174KA1ZD3,10,COMMODITY,SILVER
GSEC10IETF,ICICI Prudential Nifty 10 yr Benchmark G-Sec ETF,ICICIPRAMC-ICICI10GS,16-Dec-22,1,INF109KC18O0,10,DEBT,GSECS/GILT
EBBETF0433,BHARAT Bond ETF-April 2033,EDELAMC-EBBETF0433,16-Dec-22,1,INF754K01QX0,1000,DEBT,Bond
COMMOIETF,ICICI Prudential Nifty Commodities ETF,ICICIPRAMC-ICICICOMMO,21-Dec-22,1,INF109KC19O8,10,EQUITY,Nifty Commodities
BANKADD,DSP Nifty Bank ETF,DSPAMC-DSPBANK,06-Jan-23,1,INF740KA1RX3,10,EQUITY,Nifty Bank
LIQUID1,Kotak Nifty 1D Rate Liquid ETF,KOTAKMAMC-KOTAKLIQ,01-Feb-23,1,INF174KA1LV5,1000,DEBT,Overnight ETFs and Liquid ETF
HDFCSML250,HDFC NIFTY Smallcap 250 ETF,HDFCAMC-HDFCSML250,21-Feb-23,1,INF179KC1FB2,91.31,EQUITY,Nifty Smallcap 250
HDFCMID150,HDFC NIFTY Midcap 150 ETF,HDFCAMC-HDFCMID150,21-Feb-23,1,INF179KC1HT0,115.95,EQUITY,Nifty Midcap 150
HDFCBSE500,HDFC S&P BSE 500 ETF,HDFCAMC-HDFCBSE500,21-Feb-23,1,INF179KC1EZ4,23.86,EQUITY,BSE 500
GOLDETF,Mirae Asset Gold ETF,MIRAEAMC-MAGOLDETF,24-Feb-23,1,INF769K01JP9,10,COMMODITY,GOLD
ABSLLIQUID,Aditya Birla Sun Life CRISIL Overnight Fund AI ETF,BIRLASLAMC-ABSLLIQUID,16-Mar-23,1,INF209KB18T9,1000,DEBT,Overnight ETFs and Liquid ETF
PSUBNKIETF,ICICI Prudential Nifty PSU Bank ETF,ICICIPRAMC-PSUBANKICI,21-Mar-23,1,INF109KC10S8,10,EQUITY,Nifty PSU Bank
SENSEXAXIS,AXIS S&P BSE SENSEX ETF,AXISAMC-SENSEXAXIS,29-Mar-23,1,INF846K010Q0,10,EQUITY,BSE Sensex
LOWVOL,Mirae Asset Nifty 100 Low Volatility 30 ETF,MIRAEAMC-MANV30F,31-Mar-23,1,INF769K01JU9,100,EQUITY,Nifty 100 Low Volatility 30
GSEC10YEAR,Mirae Asset Nifty 8-13 yr G-Sec ETF,MIRAEAMC-MAGS813ETF,10-Apr-23,1,INF769K01KF8,10,DEBT,GSECS/GILT
SILVERBETA,UTI Silver Exchange Traded Fund (UTI Silver ETF),UTIAMC-SILVERBETA,20-Apr-23,1,INF789F1AYK6,75.81,COMMODITY,SILVER
GOLDADD,DSP Gold ETF,DSPAMC - DSPGOLD,05-May-23,1,INF740KA1ZP2,1,COMMODITY,GOLD
SILVERAG,Mirae Asset Silver ETF,MIRAEAMC-MASILVER,15-Jun-23,1,INF769K01KG6,10,COMMODITY,SILVER
ITADD,DSP Nifty IT ETF,DSPAMC - DSPIT,13-Jul-23,1,INF740KA1SX1,10,EQUITY,Nifty IT
BANKETF,Mirae Asset Nifty Bank ETF,MIRAEAMC-BANKETF,26-Jul-23,1,INF769K01KR3,400,EQUITY,Nifty Bank
LIQUID,Mirae Asset Nifty 1D Rate Liquid ETF,MIRAEAMC-LIQUID,31-Jul-23,1,INF769K01KS1,1000,DEBT,Overnight ETFs and Liquid ETF
PVTBANKADD,DSP Nifty Private Bank ETF,DSPAMC-DSPPVBKETF,02-Aug-23,1,INF740KA1TA7,10,EQUITY,Nifty Private Bank
PSUBANKADD,DSP Nifty PSU Bank ETF,DSPAMC-DSPPSBKETF,02-Aug-23,1,INF740KA1SY9,10,EQUITY,Nifty PSU Bank
SENSEXADD,DSP S&P BSE Sensex ETF,DSPAMC-DSPSENXETF,02-Aug-23,1,INF740KA1SZ6,10,EQUITY,BSE Sensex
QUAL30IETF,ICICI Prudential Nifty 200 Quality 30 ETF,ICICIPRAMC-ICICIQTY30,10-Aug-23,1,INF109KC18V5,10,EQUITY,Nifty 200 Quality 30
HDFCLIQUID,HDFC Nifty 1D Rate Liquid ETF,HDFCAMC-HDFCLIQUID,31-Aug-23,1,INF179KC1JG3,1000,DEBT,Overnight ETFs and Liquid ETF
MIDCAPBETA,UTI Nifty Midcap 150 Exchange Traded Fund (ETF),UTIAMC-MIDCAPBETA,05-Sep-23,1,INF789F1AYX9,10,EQUITY,Nifty Midcap 150
SENSEXETF,Mirae Asset S&P BSE Sensex ETF,MIRAEAMC-SENSEXETF,06-Oct-23,1,INF769K01KT9,10,EQUITY,BSE Sensex
MONIFTY500,Motilal Oswal Nifty 500 ETF,MOTILALAMC-MONIFTY500,06-Oct-23,1,INF247L01BU1,10,EQUITY,Nifty 500
ITETF,Mirae Asset Nifty IT ETF,MIRAEAMC-ITETF,27-Oct-23,1,INF769K01KV5,10,EQUITY,Nifty IT
ALPHAETF,Mirae Asset Nifty 200 Alpha 30 ETF,MIRAEAMC-ALPHAETF,27-Oct-23,1,INF769K01KU7,10,EQUITY,Nifty 200 Alpha 30
LIQUIDSBI,SBI NIFTY 1D Rate ETF,SBIAMC-LIQUIDSBI,02-Nov-23,1,INF200KA13Z8,1000,DEBT,Overnight ETFs and Liquid ETF
EGOLD,Edelweiss Gold ETF,EDELAMC-EGOLD,10-Nov-23,1,INF754K01SE6,10,COMMODITY,GOLD
ESILVER,Edelweiss Silver ETF,EDELAMC-Esilver,24-Nov-23,1,INF754K01SF3,10,COMMODITY,SILVER
BBNPPGOLD,Baroda BNP Paribas Gold ETF,BARODABNP-BBNPPGOLD,19-Dec-23,1,INF251K01SU9,10,COMMODITY,GOLD
TATSILV,Tata Silver Exchange Traded Fund,TATAAML-TATSILV,17-Jan-24,1,INF277KA1984,1,COMMODITY,SILVER
TATAGOLD,Tata Gold Exchange Traded Fund,TATAAML-TATAGOLD,17-Jan-24,1,INF277KA1976,1,COMMODITY,GOLD
LIQUIDCASE,Zerodha Nifty 1D Rate Liquid ETF,ZERODHAAMC-LIQUIDCASE,24-Jan-24,1,INF0R8F01034,100,DEBT,Overnight ETFs and Liquid ETF
NIFTYBETF,Bajaj Finserv Nifty 50 ETF,BFAM-NIFTYBETF,29-Jan-24,1,INF0QA701722,10,EQUITY,Nifty 50
BANKBETF,Bajaj Finserv Nifty Bank ETF,BFAM-BANKBETF,29-Jan-24,1,INF0QA701714,10,EQUITY,Nifty Bank
ITBETA,UTI Nifty IT ETF,UTIAMC -ITBETA,01-Feb-24,1,INF789F1AZD8,10,EQUITY,Nifty IT
GILT10BETA,UTI Nifty 10 yr Benchmark G-Sec ETF,UTIAMC-GILT10BETA,02-Feb-24,1,INF789F1AZF3,10,DEBT,GSECS/GILT
GILT5BETA,UTI Nifty 5 yr Benchmark G-Sec ETF,UTIAMC-GILT5BETA,02-Feb-24,1,INF789F1AZE6,10,DEBT,GSECS/GILT
HEALTHADD,DSP Nifty Healthcare ETF,DSPAMC-HEALTHADD,07-Feb-24,1,INF740KA1ZG1,1,EQUITY,Nifty Healthcare
HDFCPSUBK,HDFC NIFTY PSU BANK ETF,HDFCAMCHDFCPSUBK,07-Feb-24,1,INF179KC1HW4,62.78,EQUITY,Nifty PSU Bank
LICNMID100,LIC MF Nifty Midcap 100 ETF,LICNAMC-LICNMID100,19-Feb-24,1,INF767K01RN1,10,EQUITY,Nifty Midcap 100
SMALLCAP,Mirae Asset Nifty Smallcap 250 Momentum Quality 100 ETF,MIRAEAMC-SMALLCAP,29-Feb-24,1,INF769K01LC3,10,EQUITY,Nifty Smallcap 250 Momentum Quality 100
GOLDCASE,Zerodha Gold ETF,ZERODHAAMC-GOLDCASE,01-Mar-24,1,INF0R8F01042,10,COMMODITY,GOLD
MOREALTY,Motilal Oswal Nifty Realty ETF,MOTILALAMC-MOREALTY,21-Mar-24,1,INF247L01CI4,10,EQUITY,Nifty Realty
MOSMALL250,Motilal Oswal Nifty Smallcap 250 ETF,MOTILALAMC-MOSMALL250,21-Mar-24,1,INF247L01CH6,10,EQUITY,Nifty Smallcap 250
LIQUIDADD,DSP S&P BSE Liquid Rate ETF,DSPAMC-LIQUIDADD,03-Apr-24,1,INF740KA1UM0,1000,DEBT,Overnight ETFs and Liquid ETF
ABSLPSE,Aditya Birla Sun Life Nifty PSE ETF,BIRLASLAMC-ABSLPSE,23-May-24,1,INF209KB19Z4,1,EQUITY,Nifty PSE
MIDSMALL,Mirae Asset Nifty MidSmallcap400 Momentum Quality 100 ETF,MIRAEAMC-MIDSMALL,28-May-24,1,INF769K01LJ8,10,EQUITY,Nifty MidSmallcap400 Momentum Quality 100
LIQUIDBETF,Bajaj Finserv Nifty 1D Rate Liquid ETF - Growth,BFAM-LIQUIDBETF,03-Jun-24,1,INF0QA701854,1000,DEBT,Overnight ETFs and Liquid ETF
TOP100CASE,Zerodha Nifty 100 ETF,ZERODHAAMC-TOP100CASE,19-Jun-24,1,INF0R8F01067,10,EQUITY,Nifty 100
MID150CASE,Zerodha Nifty Midcap 150 ETF,ZERODHAAMC-MID150CASE,19-Jun-24,1,INF0R8F01059,10,EQUITY,Nifty Midcap 150
BBNPNBETF,Baroda BNP Paribas NIFTY Bank ETF,BARODABNP - BBNPNBETF,24-Jun-24,1,INF251K01TL6,10,EQUITY,NIFTY Bank
SBISILVER,SBI SILVER ETF,SBIAMC - SBISILVER,08-Jul-24,1,INF200KB1217,10,COMMODITY,SILVER
LIQUIDSHRI,SHRIRAM NIFTY 1D RATE LIQUID ETF,SHRIRAM - LIQUIDSHRI,09-Jul-24,1,INF680P01422,1000,DEBT,Overnight ETFs and Liquid ETF
ABGSEC,Aditya Birla Sun Life CRISIL Broad Based Gilt ETF,BIRLASLAMC - ABGSEC,10-Jul-24,1,INF209KC1134,100,DEBT,GSECS/GILT
EVINDIA,Nifty EV and New Age Automotive Total Return Index,MIRAEAMC - EVINDIA,16-Jul-24,1,INF769K01LQ3,10,EQUITY,Nifty EV and New Age Automotive
SBINEQWETF,Nifty50 Equal Weight,SBIAMC - SBINEQWETF,23-Jul-24,1,INF200KB1282,10,EQUITY,Nifty 50 Equal Weight
OILIETF,Nifty Oil & Gas Index,ICICIPRAMC - OILIETF,24-Jul-24,1,INF109KC18W3,10,EQUITY,Nifty Oil & Gas
GROWWEV,Nifty EV and New Age Automotive Index,GROWWAMC - GROWWEV,12-Aug-24,1,INF666M01IH2,10,EQUITY,Nifty EV and New Age Automotive
GSEC10ABSL,CRISIL 10 Year Gilt ETF,BIRLASLAMC - GSEC10ABSL,19-Aug-24,1,INF209KC1142,100,DEBT,GSECS/GILT
METALIETF,Nifty Metal Index,ICICIPRAMC - METALIETF,20-Aug-24,1,INF109KC19W1,10,EQUITY,Nifty Metal
MODEFENCE,Nifty India Defence Total Return Index,MOTILALAMC - MODEFENCE,27-Aug-24,1,INF247L01DJ0,10,EQUITY,Nifty India Defence
MULTICAP,Nifty500 Multicap 50:25:25 Index,MIRAEAMC - MULTICAP,05-Sep-24,1,INF769K01LX9,10,EQUITY,Nifty 500 Multicap 50:25:25
TOP10ADD,Nifty Top 10 Equal Weight Index,DSPAMC - TOP10ADD,11-Sep-24,1,INF740KA1UR9,10,EQUITY,Nifty Top 10 Equal Weight
EBANKNIFTY,Edelweiss Nifty Bank ETF,EDELAMC - EBANKNIFTY,16-Sep-24,1,INF754K01TE4,10,EQUITY,Nifty Bank
GROWWLIQID,Nifty 1D Rate Index,GROWWAMC - GROWWLIQID,26-Sep-24,1,INF666M01IP5,100,DEBT,Overnight ETFs and Liquid ETF
MOMENTUM50,Nifty 500 Momentum 50 Total Return Index,MOTILALAMC - MOMENTUM50,30-Sep-24,1,INF247L01DK8,10,EQUITY,Nifty 500 Momentum 50
BANKPSU,Nifty PSU Bank Total Return Index,MIRAEAMC - BANKPSU,08-Oct-24,1,INF769K01LZ4,10,EQUITY,Nifty PSU Bank
METAL,Nifty Metal Total Return Index,MIRAEAMC - METAL,09-Oct-24,1,INF769K01LY7,10,EQUITY,Nifty Metal
GROWWDEFNC,Nifty India Defence Index- Total Return Index,GROWWAMC - GROWWDEFNC,11-Oct-24,1,INF666M01IO8,10,EQUITY,Nifty India Defence
VAL30IETF,Nifty200 Value 30 Index,ICICIPRAMC - VAL30IETF,22-Oct-24,1,INF109KC16X5,10,EQUITY,Nifty 200 Value 30
GROWWGOLD,Commodity,GROWWAMC - GROWWGOLD,24-Oct-24,1,INF666M01OE7,10,COMMODITY,GOLD
EMULTIMQ,Nifty500 Multicap Momentum Quality 50 Total Return Index,EDELAMC - EMULTIMQ,07-Nov-24,1,INF754K01TF1,10,EQUITY,Nifty 500 Multicap Momentum Quality 50
LIQUIDPLUS,Nifty 1D Rate Index,MIRAEAMC - LIQUIDPLUS,13-Nov-24,1,INF769K01MY5,1000,DEBT,Overnight ETFs and Liquid ETF
CONSUMER,Nifty India New AgeConsumption,MIRAEAMC - CONSUMER,01-Jan-25,1,INF769K01NS5,10,EQUITY,Nifty India New Age Consumption
ECAPINSURE,BSE Capital Markets & Insurance Total Return Index,EDELAMC - ECAPINSURE,06-Jan-25,1,INF754K01TX4,10,EQUITY,BSE Capital Markets & Insurance
NEXT30ADD,BSE SENSEX Next 30 Index,DSPAMC - NEXT30ADD,05-Feb-25,1,INF740KA1VE5,10,EQUITY,BSE SENSEX Next 30
GROWWRAIL,Nifty India Railways PSU Index,GROWWAMC - GROWWRAIL,07-Feb-25,1,INF666M01JJ6,10,EQUITY,Nifty India Railways PSU
UNIONGOLD,Commodity Gold,UNIONAMC - UNIONGOLD,21-Feb-25,1,INF582M01KS4,1,COMMODITY,GOLD
MSCIINDIA,MSCI India Index,KOTAKMAMC - MSCIINDIA,27-Feb-25,1,INF174KA1VD2,10,EQUITY,MSCI India
GROWWN200,Nifty 200 Index- Total Return Index,GROWWAMC - GROWWN200,28-Feb-25,1,INF666M01JV1,10,EQUITY,Nifty 200
NIFTY100EW,Nifty 100 Equal Weight Index,KOTAKMAMC - NIFTY100EW,04-Mar-25,1,INF174KA1UW4,10,EQUITY,Nifty 100 Equal Weight
AONETOTAL,Nifty Total Market Index,AONEAMC - AONETOTAL,05-Mar-25,1,INF1J2R01015,10,EQUITY,Nifty Total Market
MOCAPITAL,Nifty Capital Market Total Return Index,MOTILALAMC - MOCAPITAL,13-Mar-25,1,INF247L01EV3,10,EQUITY,Nifty Capital Market
GOLD360,Commodity-Gold,360ONEAMC - GOLD360,17-Mar-25,1,INF579M01BB5,10,COMMODITY,GOLD
SELECTIPO,BSE Select IPO Index,MIRAEAMC - SELECTIPO,17-Mar-25,1,INF769K01ON4,10,EQUITY,BSE Select IPO
EQUAL200,BSE 200 Equal Weight,MIRAEAMC - EQUAL200,17-Mar-25,1,INF769K01OA1,10,EQUITY,BSE 200 Equal Weight
CASHIETF,BSE Liquid Rate Index,ICICIPRAMC - CASHIETF,19-Mar-25,1,INF109K1A021,1000,DEBT,Overnight ETFs and Liquid ETF
VALUEAXIS,Nifty500 Value 50 TRI,AXISAMC-VALUEAXIS,20-Mar-25,1,INF846KA1119,10,EQUITY,Nifty 500 Value 50
SILVERCASE,Commodity-Silver,ZERODHAAMC - SILVERCASE,26-Mar-25,1,INF0R8F01091,10,COMMODITY,SILVER
SBIBPB,BSE PSU Bank Index TRI,SBIAMC - SBIBPB,27-Mar-25,1,INF200KB1712,10,EQUITY,BSE PSU Bank
MID150,Nifty Midcap 150 Index,KOTAKMAMC - MID150,28-Mar-25,1,INF174KA1VW2,10,EQUITY,Nifty Midcap 150
AONELIQUID,Nifty 1D Rate Index,AONEAMC - AONELIQUID,28-Mar-25,1,INF1J2R01056,1000,DEBT,Overnight ETFs and Liquid ETF
SILVER360,Commodity-Silver,360ONEAMC - SILVER360,04-Apr-25,1,INF579M01BC3,10,COMMODITY,SILVER
EVIETF,Nifty EV & New Age Automotive ETF,ICICIPRAMC - EVIETF,15-Apr-25,1,INF109K1A153,10,EQUITY,Nifty EV and New Age Automotive
GROWWMOM50,Nifty 500 Momentum 50 Index- Total Return Index,GROWWAMC - GROWWMOM50,24-Apr-25,1,INF666M01KJ4,10,EQUITY,Nifty 500 Momentum 50
MON50EQUAL,Nifty 50 Equal Weight Total Return Index,MOTILALAMC - MON50EQUAL,07-May-25,1,INF247L01FC0,10,EQUITY,NIFTY 50 Equal Weight
MONEXT50,Nifty Next 50 Total Return Index,MOTILALAMC - MONEXT50,14-May-25,1,INF247L01FD8,10,EQUITY,Nifty Next 50
EQUAL50,Nifty50 Equal Weight,MIRAEAMC - EQUAL50,15-May-25,1,INF769K01OO2,10,EQUITY,Nifty 50 Equal Weight
MOINFRA,BSE India Infrastructure Total Return Index,MOTILALAMC - MOINFRA,21-May-25,1,INF247L01FL1,10,EQUITY,BSE India Infrastructure
GROWWSLVR,Commodity-Silver,GROWWAMC - GROWWSLVR,23-May-25,1,INF666M01OF4,10,COMMODITY,SILVER
AONENIFTY,Nifty 50 Index,AONEAMC - AONENIFTY,28-May-25,1,INF1J2R01064,10,EQUITY,Nifty 50
MOMGF,Nifty India Manufacturing Total Return Index,MOTILALAMC - MOMGF,28-May-25,1,INF247L01FK3,10,EQUITY,Nifty India Manufacturing
MOPSE,Nifty PSE Total Return Index,MOTILALAMC - MOPSE,05-Jun-25,1,INF247L01FO5,10,EQUITY,Nifty PSE
MOTOUR,Nifty India Tourism Total Return Index,MOTILALAMC - MOTOUR,12-Jun-25,1,INF247L01FP2,10,EQUITY,Nifty India Tourism
SNXT30BEES,BSE Sensex Next 30 Index,NIPPONAMC - SNXT30BEES,13-Jun-25,1,INF204KC1EZ3,10,EQUITY,BSE Sensex Next 30
GROWWLOVOL,Nifty 500 Low Volatility 50 Index   TRI,GROWWAMC - GROWWLOVOL,17-Jun-25,1,INF666M01LB9,10,EQUITY,Nifty 500 Low Volatility 50
TOP15IETF,Nifty Top 15 Equal Weight Index,ICICIPRAMC - TOP15IETF,02-Jul-25,1,INF109K1A344,10,EQUITY,Nifty Top 15 Equal Weight
MOMIDMTM,Nifty Midcap 150 Momentum 50 Total Return Index,MOTILALAMC - MOMIDMTM,03-Jul-25,1,INF247L01FQ0,10,EQUITY,Nifty Midcap 150 Momentum 50
GROWWNET,Index,GROWWAMC - GROWWNET,03-Jul-25,1,INF666M01LI4,10,EQUITY,Nifty India Internet
INTERNET,Equity Index,MIRAEAMC - INTERNET,08-Jul-25,1,INF769K01PB6,10,EQUITY,Nifty India Internet
MOALPHA50,Nifty Alpha 50 Total Return Index,MOTILALAMC - MOALPHA50,10-Jul-25,1,INF247L01FR8,10,EQUITY,Nifty Alpha 50
QUALITY30,Nifty200 Quality 30 Index,KOTAKMAMC - QUALITY30,18-Jul-25,1,INF174KA1WT6,10,EQUITY,Nifty 200 Quality 30
GROWWNIFTY,Nifty 50 Index - TRI,GROWWAMC - GROWWNIFTY,22-Jul-25,1,INF666M01LL8,10,EQUITY,Nifty 50
LIQGRWBEES,Liquid ,NIPPONAMC - LIQGRWBEES,25-Jul-25,1,INF204KC1FU1,1000,DEBT,Overnight ETFs and Liquid ETF
MOGOLD,Domestic Price of Physical Gold,MOTILALAMC - MOGOLD,30-Jul-25,1,INF247L01FY4,10,COMMODITY,GOLD
GROWWPOWER,BSE Power Index - TRI,GROWWAMC - GROWWPOWER,07-Aug-25,1,INF666M01LM6,10,EQUITY,BSE Power
SBILIQETF,Nifty 1D Rate Index ,SBIAMC - SBILIQETF,13-Aug-25,1,INF200KB1969,1000,DEBT,Overnight ETFs and Liquid ETF
MOSILVER,Domestic Price of Physical Silver,MOTILALAMC - MOSILVER,14-Aug-25,1,INF247L01FZ1,10,COMMODITY,SILVER
LTGILTCASE,Nifty 8-13 Yr G-Sec Index,ZERODHAAMC - LTGILTCASE,20-Aug-25,1,INF0R8F01133,10,DEBT,GSECS/GILT
GROWWNXT50,Index,GROWWAMC - GROWWNXT50,26-Aug-25,1,INF666M01LZ8,10,EQUITY,Nifty Next 50
MANUFGBEES,Nifty India Manufacturing TRI,NIPPONAMC - MANUFGBEES,29-Aug-25,1,INF204KC1GH6,10,EQUITY,Nifty India Manufacturing
ELM250,Nifty LargeMidcap 250 TRI,EDELAMC - ELM250,09-Sep-25,1,INF754K01VV4,10,EQUITY,Nifty LargeMidcap 250
AONEGOLD,Domestic price of Gold,AONEAMC - AONEGOLD,10-Sep-25,1,INF1J2R01114,10,COMMODITY,GOLD
SML100CASE,Nifty Smallcap 100 Index,ZERODHAAMC - SML100CASE,12-Sep-25,1,INF0R8F01141,10,EQUITY,Nifty Smallcap100
GROWWRLTY,Index,GROWWAMC - GROWWRLTY,09-Oct-25,1,INF666M01MN2,10,EQUITY,Nifty Realty
ELIQUID,Nifty 1D Rate Index (Debt Index),EDELAMC - ELIQUID,10-Oct-25,1,INF754K01VW2,1000,DEBT,Overnight ETFs and Liquid ETF
FLEXIADD,Nifty500 Flexicap Quality 30 TRI,DSPAMC - FLEXIADD,16-Oct-25,1,INF740KA1WU9,10,EQUITY,Nifty 500 Flexicap Quality 30
MONIFTY100,Nifty 100 Total Return Index,MOTILALAMC - MONIFTY100,16-Oct-25,1,INF247L01GG9,10,EQUITY,Nifty 100
MOENERGY,Nifty Energy Index,MOTILALAMC - MOENERGY,16-Oct-25,1,INF247L01GH7,10,EQUITY,Nifty Energy
MOMENTUM30,Nifty 200 Momentum 30 Index,KOTAKMAMC - MOMENTUM30,17-Oct-25,1,INF174KA1XS6,10,EQUITY,Nifty 200 Momentum 30
NIFTYCASE,Nifty Index 50 Index,ZERODHAAMC - NIFTYCASE,20-Oct-25,1,INF0R8F01166,10,EQUITY,Nifty 50
GROWWSC250,Nifty Smallcap 250 Index - TRI,GROWWAMC - GROWWSC250,30-Oct-25,1,INF666M01MO0,10,EQUITY,Nifty Smallcap 250
CHOICEGOLD,Gold,ChoiceAMC - CHOICEGOLD,10-Nov-25,1,INF2KCX01012,100,COMMODITY,GOLD
ENERGY,Nifty Energy,MIRAEAMC - ENERGY,13-Nov-25,1,INF769K01PR2,10,EQUITY,Nifty Energy
SMALL250,Nifty Smallcap 250,MIRAEAMC - SMALL250,13-Nov-25,1,INF769K01PQ4,10,EQUITY,Nifty Smallcap 250
GROWWMC150,Nifty Midcap 150 Index - TRI,GROWWAMC - GROWWMC150,17-Nov-25,1,INF666M01MV5,10,EQUITY,Nifty Midcap 150
CHEMICAL,Nifty Chemicals Index (TRI),KOTAKMAMC - CHEMICAL,19-Nov-25,1,INF174KA1XV0,10,EQUITY,Nifty Chemicals
MOIPO,BSE Select IPO Total Return Index,MOTILALAMC - MOIPO,20-Nov-25,1,INF247L01GI5,10,EQUITY,BSE Select IPO
AONETMMQ50,Nifty Total Market Momentum Quality 50 TRI,AONEAMC - AONETMMQ50,27-Nov-25,1,INF1J2R01148,10,EQUITY,Nifty Total Market Momentum Quality 50
ESENSEX,BSE Sensex TRI,EDELAMC - ESENSEX,27-Nov-25,1,INF754K01VY8,10,EQUITY,BSE Sensex
ENIFTY,Nifty 50 TRI,EDELAMC - ENIFTY,27-Nov-25,1,INF754K01VX0,10,EQUITY,Nifty 50
MOSERVICE,Nifty Services Sector Total Return Index,MOTILALAMC - MOSERVICE,27-Nov-25,1,INF247L01GJ3,10,EQUITY,Nifty Services Sector
MSCIADD,MSCI India Index,DSPAMC - MSCIADD,01-Dec-25,1,INF740KA1WV7,10,EQUITY,MSCI India
MOMNC,Nifty MNC ETF Total Return Index,MOTILALAMC - MOMNC,03-Dec-25,1,INF247L01GK1,10,EQUITY,Nifty MNC ETF
GROWWCAPM,Nifty Capital Markets Index ,GROWWAMC - GROWWCAPM,04-Dec-25,1,INF666M01MM4,10,EQUITY,Nifty Capital Market
GOLDBND,Commodity - Gold,BANDHANAMC - GOLDBND,12-Dec-25,1,INF194KB1KJ7,10,COMMODITY,GOLD
SILVERBND,Commodity - Silver,BANDHANAMC - SILVERBND,12-Dec-25,1,INF194KB1KI9,10,COMMODITY,SILVER
SMALLADD,Nifty Smallcap 250 Index,DSPAMC - SMALLADD,18-Dec-25,1,INF740KA1WX3,10,EQUITY,Nifty Smallcap 250
MIDCAPADD,Nifty Midcap 150 Index,DSPAMC - MIDCAPADD,18-Dec-25,1,INF740KA1WW5,10,EQUITY,Nifty Midcap 150
DIVIDEND,BSE 500 Dividend Leaders,MIRAEAMC - DIVIDEND,19-Dec-25,1,INF769K01PY8,10,EQUITY,BSE 500 Dividend Leaders 50
TOP20,Nifty Top 20 Equal Weight,MIRAEAMC - TOP20,19-Dec-25,1,INF769K01PZ5,10,EQUITY,Nifty Top 20 Equal Weight
GROWWMETAL,Nifty Metal Index,GROWWAMC - GROWWMETAL,23-Dec-25,1,INF666M01NI0,10,EQUITY,Nifty Metal
TWCGOLDETF,Commodity,WEALTH - TWCGOLDETF,02-Jan-26,1,INF2F0001370,10,COMMODITY,GOLD
NEXT50ADD,Nifty Next 50 TRI,DSPAMC - NEXT50ADD,09-Jan-26,1,INF740KA1XU7,10,EQUITY,Nifty Next 50
NEXT50ETF,Nifty Next 50 Index,KOTAKMAMC - NEXT50ETF,14-Jan-26,1,INF174KA1YO3,10,EQUITY,Nifty Next 50
GROWWCHEM,Nifty Chemicals Index - TRI,GROWWAMC - GROWWCHEM,16-Jan-26,1,INF666M01NP5,10,EQUITY,Nifty Chemicals
GROWWPSE,Nifty PSE Index - TRI,GROWWAMC - GROWWPSE,11-Feb-26,1,INF666M01NQ3,10,EQUITY,Nifty PSE
HEALTHCARE,Nifty 500 Healthcare Index,MIRAEAMC - HEALTHCARE,16-Feb-26,1,INF769K01QA6,10,EQUITY,Nifty 500 Healthcare
INFRA,Nifty India Infrastructure & Logistics,MIRAEAMC - INFRA,18-Feb-26,1,INF769K01QB4,10,EQUITY,Nifty India Infrastructure & Logistics
DEFENCE,BSE India Defence,MIRAEAMC - DEFENCE,19-Feb-26,1,INF769K01QC2,10,EQUITY,BSE India Defence
ABSLMSCIN,MSCI India Index,BIRLASLAMC - ABSLMSCIN,20-Feb-26,1,INF209KC1662,10,EQUITY,MSCI India
AONESILVER,Domestic price of Silver,AONEAMC - AONESILVER,02-Mar-26,1,INF1J2R01171,10,COMMODITY,SILVER
ABSL10BANK,BSE Top 10 Banks Index,BIRLASLAMC - ABSL10BANK,04-Mar-26,1,INF209KC1670,10,EQUITY,BSE Top 10 Banks
GROWWHOSPI,BSE Hospitals Index,GROWWAMC - GROWWHOSPI,05-Mar-26,1,INF666M01OD9,10,EQUITY,BSE Hospitals
SBIMIDMOM,Nifty Midcap 150 Momentum 50 Index,SBIAMC - SBIMIDMOM,06-Mar-26,1,INF200KB1AJ0,10,EQUITY,Nifty Midcap 150 Momentum 50
BANK10ADD,BSE Top 10 Banks Index (TRI),DSPAMC - BANK10ADD,12-Mar-26,1,INF740KA1YH2,10,EQUITY,BSE Top 10 Banks
HSBCGOLD,Commodity,HSBCAMC - HSBCGOLD,27-Mar-26,1,INF336L01RX2,10,COMMODITY,GOLD
GROWWPSUBK,Nifty PSU Bank Index - TRI,GROWWAMC - GROWWPSUBK,27-Mar-26,1,INF666M01OG2,10,EQUITY,Nifty PSU Bank
VALUE,Nifty 500 Value 50,MIRAEAMC - VALUE,27-Mar-26,1,INF769K01QV2,10,EQUITY,Nifty 500 Value 50
SBINMID150,Nifty Midcap 150 Index,SBIAMC - SBINMID150,06-Apr-26,1,INF200KB1AK8,10,EQUITY,Nifty Midcap 150
MOBANK10,BSE Top 10 Banks Total Return Index,MOTILALAMC - MOBANK10,10-Apr-26,1,INF247L01GV8,10,EQUITY,BSE Top 10 Banks
FMCGADD,Nifty FMCG Index (TRI),DSPAMC - FMCGADD,22-May-26,1,INF740KA1ZA4,10,EQUITY,Nifty FMCG
ENEXT50,Nifty Next 50 Total Return Index,EDELAMC - ENEXT50,25-May-26,1,INF754K01XF3,10,EQUITY,Nifty Next 50
SBISMLETF,Nifty Smallcap 250 Index,SBIAMC - SBISMLETF,25-May-26,1,INF200KB1AY9,10,EQUITY,Nifty Smallcap 250
SBIVALETF,Nifty200 Value 30 Index,SBIAMC - SBIVALETF,25-May-26,1,INF200KB1AX1,10,EQUITY,Nifty 200 Value 30
PVTBKGROWW,Nifty Private Bank Index - TRI,GROWWAMC - PVTBKGROWW,26-May-26,1,INF666M01OT5,10,EQUITY,Nifty Private Bank
MSCI360,MSCI India Index,360ONEAMC - MSCI360,29-May-26,1,INF579M01BP5,10,EQUITY,MSCI India
SMALLGROWW,Nifty Smallcap 250 Momentum Quality 100 Index TRI,GROWWAMC - SMALLGROWW,18-Jun-26,1,INF666M01PG9,10,EQUITY,Nifty Smallcap 250 Momentum Quality 100
SMALLIETF,Nifty Smallcap 250 Index,ICICIPRAMC - SMALLIETF,24-Jun-26,1,INF109K1A476,10,EQUITY,Nifty Smallcap 250
LIQUIDBETA,Nifty 1D Rate Index,UTIAMC - LIQUIDBETA,21-Jul-26,1,INF789F1AG68,1000,DEBT,Overnight ETFs and Liquid ETF
BANK10BETF,Bajaj Finserv BSE Top 10 Banks ETF,BFAM - BANK10BETF,21-Jul-26,1,INF0QA701CI0,10,EQUITY,BSE Top 10 Banks
MOMMIDCAP,BSE Midcap 150 Momentum 30 TRI,MIRAEAMC - MOMMIDCAP,22-Jul-26,1,INF769K01RC0,10,EQUITY,BSE Midcap 150 Momentum 30
PVTBANK,Nifty Private Bank,KOTAKMAMC - PVTBANK,22-Jul-26,1,INF174KA1A94,10,EQUITY,Nifty Private Bank
EMETAL,Nifty Metal Total Return Index,EDELAMC - EMETAL,28-Jul-26,1,INF754K01XG1,10,EQUITY,Nifty Metal
CEMNTGROWW,Nifty Cements Index TRI,GROWWAMC - CEMNTGROWW,28-Jul-26,1,INF666M01PH7,10,EQUITY,Nifty Cements
HDFCNIMEG,Nifty Metal Index TRI,HDFCAMC - HDFCNIMEG,31-Jul-26,1,INF179KC1KT4,124.88,EQUITY,Nifty Metal
HYBRIDETF,Nifty200 Momentum 30 Plus 8-13 yr G-Sec 50:50 Total Return Index,MIRAEAMC - HYBRIDETF,31-Jul-26,1,INF769K01RJ5,10,Hybrid,Equity/Debt
INSUREIETF,BSE Insurance Index,ICICIPRAMC - INSUREIETF,05-Aug-26,1,INF109K1A567,10,EQUITY,BSE Insurance
ELMDIV,Index (BSE LargeMid (60:40) Stable Dividend 50),EDELAMC - ELMDIV,05-Aug-26,1,INF754K01XI7,10,EQUITY,BSE LargeMid (60:40) Stable Dividend 50
EBANK10,BSE Top 10 Bank Total Return Index,EDELAMC - EBANK10,05-Aug-26,1,INF754K01XH9,10,EQUITY,BSE Top 10 Banks
MOOILGAS,Nifty Oil & Gas ETF Total Return Index,MOTILALAMC - MOOILGAS,06-Aug-26,1,INF247L01HH5,10,EQUITY,Nifty Oil & Gas
MOMETAL,Nifty Metal Index,MOTILALAMC - MOMETAL,06-Aug-26,1,INF247L01HG7,10,EQUITY,Nifty Metal
MIDBANKADD,BSE MidSmall Private Banks Index,DSPAMC - MIDBANKADD,07-Aug-26,1,INF740KA1ZH9,10,EQUITY,BSE MidSmall Private Banks
GSEC10ADD,Nifty 10 yr Benchmark G-Sec,DSPAMC - GSEC10ADD,20-Aug-26,1,INF740KA1ZI7,10,DEBT,GSECS/GILT
LARGEMID50,BSE LargeMid (60:40) Stable Dividend 50 TRI (Total Return Index),MIRAEAMC - LARGEMID50,20-Aug-26,1,INF769K01RK3,10,EQUITY,BSE LargeMid (60:40) Stable Dividend 50
NIFTYJBLK,INDEX,JIOBLACKROCKAMC-NIFTYJBLK,20-Aug-26,1,INF22M001184,10,EQUITY,Nifty 50
IVZBANKNF,Nifty Bank TRI,RELIGARAMC - IVZBANKNF,21-Aug-26,1,INF205KA1CB9,10,EQUITY,Nifty Bank
IVZSENSEX,BSE Sensex TRI,RELIGARAMC - IVZSENSEX,21-Aug-26,1,INF205KA1CA1,10,EQUITY,BSE Sensex
SILVER001,Commodity - Silver,Quant_AMC - SILVER001,25-Aug-26,1,INF966L01EI5,10,COMMODITY,SILVER
NIF500BETA,Nifty 500,UTIAMC - NIF500BETA,28-Aug-26,1,INF789F1AG76,10,EQUITY,Nifty 500
ENERGYAXIS,Nifty Energy,AXISAMC - ENERGYAXIS,02-Sep-26,1,INF846KA1598,10,EQUITY,Nifty Energy
